PRAGMA foreign_keys=OFF;
BEGIN TRANSACTION;
CREATE TABLE IF NOT EXISTS "django_migrations" ("id" integer NOT NULL PRIMARY KEY AUTOINCREMENT, "app" varchar(255) NOT NULL, "name" varchar(255) NOT NULL, "applied" datetime NOT NULL);
INSERT INTO django_migrations VALUES(1,'contenttypes','0001_initial','2020-06-08 09:28:47.729019');
INSERT INTO django_migrations VALUES(2,'auth','0001_initial','2020-06-08 09:28:47.766660');
INSERT INTO django_migrations VALUES(3,'admin','0001_initial','2020-06-08 09:28:47.779394');
INSERT INTO django_migrations VALUES(4,'admin','0002_logentry_remove_auto_add','2020-06-08 09:28:47.794043');
INSERT INTO django_migrations VALUES(5,'admin','0003_logentry_add_action_flag_choices','2020-06-08 09:28:47.803541');
INSERT INTO django_migrations VALUES(6,'app01','0001_initial','2020-06-08 09:28:47.814583');
INSERT INTO django_migrations VALUES(7,'contenttypes','0002_remove_content_type_name','2020-06-08 09:28:47.839638');
INSERT INTO django_migrations VALUES(8,'auth','0002_alter_permission_name_max_length','2020-06-08 09:28:47.848309');
INSERT INTO django_migrations VALUES(9,'auth','0003_alter_user_email_max_length','2020-06-08 09:28:47.859199');
INSERT INTO django_migrations VALUES(10,'auth','0004_alter_user_username_opts','2020-06-08 09:28:47.872522');
INSERT INTO django_migrations VALUES(11,'auth','0005_alter_user_last_login_null','2020-06-08 09:28:47.883817');
INSERT INTO django_migrations VALUES(12,'auth','0006_require_contenttypes_0002','2020-06-08 09:28:47.888048');
INSERT INTO django_migrations VALUES(13,'auth','0007_alter_validators_add_error_messages','2020-06-08 09:28:47.900406');
INSERT INTO django_migrations VALUES(14,'auth','0008_alter_user_username_max_length','2020-06-08 09:28:47.913717');
INSERT INTO django_migrations VALUES(15,'auth','0009_alter_user_last_name_max_length','2020-06-08 09:28:47.924963');
INSERT INTO django_migrations VALUES(16,'auth','0010_alter_group_name_max_length','2020-06-08 09:28:47.938932');
INSERT INTO django_migrations VALUES(17,'auth','0011_update_proxy_permissions','2020-06-08 09:28:47.949834');
INSERT INTO django_migrations VALUES(18,'sessions','0001_initial','2020-06-08 09:28:47.956644');
INSERT INTO django_migrations VALUES(19,'app01','0002_auto_20200608_1423','2020-06-08 14:23:20.420550');
INSERT INTO django_migrations VALUES(20,'app01','0003_auto_20200608_1448','2020-06-08 14:49:02.264168');
INSERT INTO django_migrations VALUES(21,'app01','0004_activity_activity_status','2020-06-08 15:57:46.656625');
INSERT INTO django_migrations VALUES(22,'app01','0005_auto_20200609_1353','2020-06-09 13:53:39.347915');
INSERT INTO django_migrations VALUES(23,'app01','0006_auto_20200610_1711','2020-06-10 09:12:05.713693');
INSERT INTO django_migrations VALUES(24,'app01','0006_auto_20200610_2250','2020-06-10 14:52:12.844438');
INSERT INTO django_migrations VALUES(25,'app01','0007_auto_20200610_2323','2020-06-10 15:24:17.151882');
INSERT INTO django_migrations VALUES(26,'app01','0008_auto_20200611_1133','2020-06-11 03:34:25.408214');
INSERT INTO django_migrations VALUES(27,'app01','0009_auto_20200611_1140','2020-06-11 03:40:44.414957');
INSERT INTO django_migrations VALUES(28,'app01','0010_auto_20200611_1430','2020-06-11 06:32:44.637001');
INSERT INTO django_migrations VALUES(29,'app01','0011_auto_20200611_1432','2020-06-11 06:32:44.678891');
INSERT INTO django_migrations VALUES(30,'app01','0012_auto_20200611_1435','2020-06-11 06:35:13.887906');
CREATE TABLE IF NOT EXISTS "auth_group_permissions" ("id" integer NOT NULL PRIMARY KEY AUTOINCREMENT, "group_id" integer NOT NULL REFERENCES "auth_group" ("id") DEFERRABLE INITIALLY DEFERRED, "permission_id" integer NOT NULL REFERENCES "auth_permission" ("id") DEFERRABLE INITIALLY DEFERRED);
CREATE TABLE IF NOT EXISTS "auth_user_groups" ("id" integer NOT NULL PRIMARY KEY AUTOINCREMENT, "user_id" integer NOT NULL REFERENCES "auth_user" ("id") DEFERRABLE INITIALLY DEFERRED, "group_id" integer NOT NULL REFERENCES "auth_group" ("id") DEFERRABLE INITIALLY DEFERRED);
CREATE TABLE IF NOT EXISTS "auth_user_user_permissions" ("id" integer NOT NULL PRIMARY KEY AUTOINCREMENT, "user_id" integer NOT NULL REFERENCES "auth_user" ("id") DEFERRABLE INITIALLY DEFERRED, "permission_id" integer NOT NULL REFERENCES "auth_permission" ("id") DEFERRABLE INITIALLY DEFERRED);
CREATE TABLE IF NOT EXISTS "django_admin_log" ("id" integer NOT NULL PRIMARY KEY AUTOINCREMENT, "action_time" datetime NOT NULL, "object_id" text NULL, "object_repr" varchar(200) NOT NULL, "change_message" text NOT NULL, "content_type_id" integer NULL REFERENCES "django_content_type" ("id") DEFERRABLE INITIALLY DEFERRED, "user_id" integer NOT NULL REFERENCES "auth_user" ("id") DEFERRABLE INITIALLY DEFERRED, "action_flag" smallint unsigned NOT NULL CHECK ("action_flag" >= 0));
INSERT INTO django_admin_log VALUES(1,'2020-06-10 02:15:44.475070','1','Institute object (1)','[{"added": {}}]',8,1,1);
INSERT INTO django_admin_log VALUES(2,'2020-06-10 02:16:39.682949','1','InstituteDetail object (1)','[{"added": {}}]',9,1,1);
INSERT INTO django_admin_log VALUES(3,'2020-06-10 02:17:54.484852','2','测试标题2','[{"added": {}}]',8,1,1);
INSERT INTO django_admin_log VALUES(4,'2020-06-10 02:18:25.072199','3','测试标题3','[{"added": {}}]',8,1,1);
INSERT INTO django_admin_log VALUES(5,'2020-06-10 02:19:43.748141','2','测试标题2的内容','[{"added": {}}]',9,1,1);
INSERT INTO django_admin_log VALUES(6,'2020-06-10 02:20:08.769241','3','测试标题3的内容','[{"added": {}}]',9,1,1);
INSERT INTO django_admin_log VALUES(7,'2020-06-10 12:06:57.399459','4','测试文章4','[{"added": {}}]',8,1,1);
INSERT INTO django_admin_log VALUES(8,'2020-06-10 15:20:57.896547','1','学院美女','[{"added": {}}]',19,1,1);
INSERT INTO django_admin_log VALUES(9,'2020-06-10 15:25:12.472782','2','学院美女','[{"added": {}}]',19,1,1);
INSERT INTO django_admin_log VALUES(10,'2020-06-10 15:44:15.191102','3','呆呆萌','[{"added": {}}]',19,1,1);
INSERT INTO django_admin_log VALUES(11,'2020-06-10 15:51:54.565742','4','长腿妹子','[{"added": {}}]',19,1,1);
INSERT INTO django_admin_log VALUES(12,'2020-06-11 03:34:59.042473','1','测试标题1','[{"changed": {"fields": ["\u6807\u7b7e"]}}]',8,1,2);
INSERT INTO django_admin_log VALUES(13,'2020-06-11 03:35:03.437575','3','测试标题3','[{"changed": {"fields": ["\u6807\u7b7e"]}}]',8,1,2);
INSERT INTO django_admin_log VALUES(14,'2020-06-11 03:35:11.366994','2','测试标题2','[{"changed": {"fields": ["\u6807\u7b7e"]}}]',8,1,2);
INSERT INTO django_admin_log VALUES(15,'2020-06-11 03:37:58.777876','5','大胸妹子','[{"added": {}}]',19,1,1);
INSERT INTO django_admin_log VALUES(16,'2020-06-11 03:38:13.025337','6','皮肤白皙','[{"added": {}}]',19,1,1);
INSERT INTO django_admin_log VALUES(17,'2020-06-11 03:38:29.304250','7','身材高挑','[{"added": {}}]',19,1,1);
INSERT INTO django_admin_log VALUES(18,'2020-06-11 03:41:46.273306','4','测试文章4','[{"changed": {"fields": ["\u6807\u7b7e"]}}]',8,1,2);
INSERT INTO django_admin_log VALUES(19,'2020-06-11 03:41:50.563302','3','测试标题3','[{"changed": {"fields": ["\u6807\u7b7e"]}}]',8,1,2);
INSERT INTO django_admin_log VALUES(20,'2020-06-11 03:41:56.606480','2','测试标题2','[{"changed": {"fields": ["\u6807\u7b7e"]}}]',8,1,2);
INSERT INTO django_admin_log VALUES(21,'2020-06-11 03:42:00.171747','1','测试标题1','[{"changed": {"fields": ["\u6807\u7b7e"]}}]',8,1,2);
INSERT INTO django_admin_log VALUES(22,'2020-06-11 06:22:24.946349','1','Partner object (1)','[{"added": {}}]',16,1,1);
INSERT INTO django_admin_log VALUES(23,'2020-06-11 06:24:00.733590','2','张晓呆','[{"added": {}}]',15,1,1);
INSERT INTO django_admin_log VALUES(24,'2020-06-11 06:26:21.721038','1','张小呆','[{"changed": {"fields": ["\u7528\u6237\u540d", "Uid", "Openid", "\u53ef\u63d0\u73b0\u548c\u4f7f\u7528\u4f59\u989d"]}}]',15,1,2);
CREATE TABLE IF NOT EXISTS "django_content_type" ("id" integer NOT NULL PRIMARY KEY AUTOINCREMENT, "app_label" varchar(100) NOT NULL, "model" varchar(100) NOT NULL);
INSERT INTO django_content_type VALUES(1,'admin','logentry');
INSERT INTO django_content_type VALUES(2,'auth','permission');
INSERT INTO django_content_type VALUES(3,'auth','group');
INSERT INTO django_content_type VALUES(4,'auth','user');
INSERT INTO django_content_type VALUES(5,'contenttypes','contenttype');
INSERT INTO django_content_type VALUES(6,'sessions','session');
INSERT INTO django_content_type VALUES(7,'app01','activity');
INSERT INTO django_content_type VALUES(8,'app01','institute');
INSERT INTO django_content_type VALUES(9,'app01','institutedetail');
INSERT INTO django_content_type VALUES(10,'app01','activitydetail');
INSERT INTO django_content_type VALUES(11,'app01','productsparams');
INSERT INTO django_content_type VALUES(12,'app01','productsdetail');
INSERT INTO django_content_type VALUES(13,'app01','params2products');
INSERT INTO django_content_type VALUES(14,'app01','products');
INSERT INTO django_content_type VALUES(15,'app01','account');
INSERT INTO django_content_type VALUES(16,'app01','partner');
INSERT INTO django_content_type VALUES(17,'app01','userauthtoken');
INSERT INTO django_content_type VALUES(18,'app01','comment');
INSERT INTO django_content_type VALUES(19,'app01','tag');
CREATE TABLE IF NOT EXISTS "auth_permission" ("id" integer NOT NULL PRIMARY KEY AUTOINCREMENT, "content_type_id" integer NOT NULL REFERENCES "django_content_type" ("id") DEFERRABLE INITIALLY DEFERRED, "codename" varchar(100) NOT NULL, "name" varchar(255) NOT NULL);
INSERT INTO auth_permission VALUES(1,1,'add_logentry','Can add log entry');
INSERT INTO auth_permission VALUES(2,1,'change_logentry','Can change log entry');
INSERT INTO auth_permission VALUES(3,1,'delete_logentry','Can delete log entry');
INSERT INTO auth_permission VALUES(4,1,'view_logentry','Can view log entry');
INSERT INTO auth_permission VALUES(5,2,'add_permission','Can add permission');
INSERT INTO auth_permission VALUES(6,2,'change_permission','Can change permission');
INSERT INTO auth_permission VALUES(7,2,'delete_permission','Can delete permission');
INSERT INTO auth_permission VALUES(8,2,'view_permission','Can view permission');
INSERT INTO auth_permission VALUES(9,3,'add_group','Can add group');
INSERT INTO auth_permission VALUES(10,3,'change_group','Can change group');
INSERT INTO auth_permission VALUES(11,3,'delete_group','Can delete group');
INSERT INTO auth_permission VALUES(12,3,'view_group','Can view group');
INSERT INTO auth_permission VALUES(13,4,'add_user','Can add user');
INSERT INTO auth_permission VALUES(14,4,'change_user','Can change user');
INSERT INTO auth_permission VALUES(15,4,'delete_user','Can delete user');
INSERT INTO auth_permission VALUES(16,4,'view_user','Can view user');
INSERT INTO auth_permission VALUES(17,5,'add_contenttype','Can add content type');
INSERT INTO auth_permission VALUES(18,5,'change_contenttype','Can change content type');
INSERT INTO auth_permission VALUES(19,5,'delete_contenttype','Can delete content type');
INSERT INTO auth_permission VALUES(20,5,'view_contenttype','Can view content type');
INSERT INTO auth_permission VALUES(21,6,'add_session','Can add session');
INSERT INTO auth_permission VALUES(22,6,'change_session','Can change session');
INSERT INTO auth_permission VALUES(23,6,'delete_session','Can delete session');
INSERT INTO auth_permission VALUES(24,6,'view_session','Can view session');
INSERT INTO auth_permission VALUES(25,7,'add_activity','Can add activity');
INSERT INTO auth_permission VALUES(26,7,'change_activity','Can change activity');
INSERT INTO auth_permission VALUES(27,7,'delete_activity','Can delete activity');
INSERT INTO auth_permission VALUES(28,7,'view_activity','Can view activity');
INSERT INTO auth_permission VALUES(29,8,'add_institute','Can add institute');
INSERT INTO auth_permission VALUES(30,8,'change_institute','Can change institute');
INSERT INTO auth_permission VALUES(31,8,'delete_institute','Can delete institute');
INSERT INTO auth_permission VALUES(32,8,'view_institute','Can view institute');
INSERT INTO auth_permission VALUES(33,9,'add_institutedetail','Can add institute detail');
INSERT INTO auth_permission VALUES(34,9,'change_institutedetail','Can change institute detail');
INSERT INTO auth_permission VALUES(35,9,'delete_institutedetail','Can delete institute detail');
INSERT INTO auth_permission VALUES(36,9,'view_institutedetail','Can view institute detail');
INSERT INTO auth_permission VALUES(37,10,'add_activitydetail','Can add activity detail');
INSERT INTO auth_permission VALUES(38,10,'change_activitydetail','Can change activity detail');
INSERT INTO auth_permission VALUES(39,10,'delete_activitydetail','Can delete activity detail');
INSERT INTO auth_permission VALUES(40,10,'view_activitydetail','Can view activity detail');
INSERT INTO auth_permission VALUES(41,11,'add_productsparams','Can add products params');
INSERT INTO auth_permission VALUES(42,11,'change_productsparams','Can change products params');
INSERT INTO auth_permission VALUES(43,11,'delete_productsparams','Can delete products params');
INSERT INTO auth_permission VALUES(44,11,'view_productsparams','Can view products params');
INSERT INTO auth_permission VALUES(45,12,'add_productsdetail','Can add products detail');
INSERT INTO auth_permission VALUES(46,12,'change_productsdetail','Can change products detail');
INSERT INTO auth_permission VALUES(47,12,'delete_productsdetail','Can delete products detail');
INSERT INTO auth_permission VALUES(48,12,'view_productsdetail','Can view products detail');
INSERT INTO auth_permission VALUES(49,13,'add_params2products','Can add params2 products');
INSERT INTO auth_permission VALUES(50,13,'change_params2products','Can change params2 products');
INSERT INTO auth_permission VALUES(51,13,'delete_params2products','Can delete params2 products');
INSERT INTO auth_permission VALUES(52,13,'view_params2products','Can view params2 products');
INSERT INTO auth_permission VALUES(53,14,'add_products','Can add products');
INSERT INTO auth_permission VALUES(54,14,'change_products','Can change products');
INSERT INTO auth_permission VALUES(55,14,'delete_products','Can delete products');
INSERT INTO auth_permission VALUES(56,14,'view_products','Can view products');
INSERT INTO auth_permission VALUES(57,15,'add_account','Can add account');
INSERT INTO auth_permission VALUES(58,15,'change_account','Can change account');
INSERT INTO auth_permission VALUES(59,15,'delete_account','Can delete account');
INSERT INTO auth_permission VALUES(60,15,'view_account','Can view account');
INSERT INTO auth_permission VALUES(61,16,'add_partner','Can add partner');
INSERT INTO auth_permission VALUES(62,16,'change_partner','Can change partner');
INSERT INTO auth_permission VALUES(63,16,'delete_partner','Can delete partner');
INSERT INTO auth_permission VALUES(64,16,'view_partner','Can view partner');
INSERT INTO auth_permission VALUES(65,17,'add_userauthtoken','Can add user auth token');
INSERT INTO auth_permission VALUES(66,17,'change_userauthtoken','Can change user auth token');
INSERT INTO auth_permission VALUES(67,17,'delete_userauthtoken','Can delete user auth token');
INSERT INTO auth_permission VALUES(68,17,'view_userauthtoken','Can view user auth token');
INSERT INTO auth_permission VALUES(69,18,'add_comment','Can add comment');
INSERT INTO auth_permission VALUES(70,18,'change_comment','Can change comment');
INSERT INTO auth_permission VALUES(71,18,'delete_comment','Can delete comment');
INSERT INTO auth_permission VALUES(72,18,'view_comment','Can view comment');
INSERT INTO auth_permission VALUES(73,19,'add_tag','Can add tag');
INSERT INTO auth_permission VALUES(74,19,'change_tag','Can change tag');
INSERT INTO auth_permission VALUES(75,19,'delete_tag','Can delete tag');
INSERT INTO auth_permission VALUES(76,19,'view_tag','Can view tag');
CREATE TABLE IF NOT EXISTS "auth_user" ("id" integer NOT NULL PRIMARY KEY AUTOINCREMENT, "password" varchar(128) NOT NULL, "last_login" datetime NULL, "is_superuser" bool NOT NULL, "username" varchar(150) NOT NULL UNIQUE, "first_name" varchar(30) NOT NULL, "email" varchar(254) NOT NULL, "is_staff" bool NOT NULL, "is_active" bool NOT NULL, "date_joined" datetime NOT NULL, "last_name" varchar(150) NOT NULL);
INSERT INTO auth_user VALUES(1,'pbkdf2_sha256$36000$nSIeKpYMwimm$fba5kO7dd8I+I0ObIgj3P37dWZTSYXJyPkS0Aghs2Ak=','2020-06-10 12:06:09.654845',1,'palm','','admin@palm.com',1,1,'2020-06-08 09:29:25.889064','');
CREATE TABLE IF NOT EXISTS "auth_group" ("id" integer NOT NULL PRIMARY KEY AUTOINCREMENT, "name" varchar(150) NOT NULL UNIQUE);
CREATE TABLE IF NOT EXISTS "django_session" ("session_key" varchar(40) NOT NULL PRIMARY KEY, "session_data" text NOT NULL, "expire_date" datetime NOT NULL);
INSERT INTO django_session VALUES('qpo9ir2vpky2jmlm09l0v4n3yoxbsebh','Mjg1ZmM5ZjcwMmM0ZGFhODRkYTc1MzMzNTQzNWRlN2NkNmQzYTRiNzp7Il9hdXRoX3VzZXJfaWQiOiIxIiwiX2F1dGhfdXNlcl9iYWNrZW5kIjoiZGphbmdvLmNvbnRyaWIuYXV0aC5iYWNrZW5kcy5Nb2RlbEJhY2tlbmQiLCJfYXV0aF91c2VyX2hhc2giOiJkOWZmNWM2OTQ3OTRjNGIxZDI1MTkxZjZmNGFmN2NjOWY4NGMwNzBmIn0=','2020-06-24 02:14:44.612408');
INSERT INTO django_session VALUES('w8qxz1i2yd2h731c21ziou8r1zg5lnau','NzY1MjY4NGU4MTJhZjU2YzI4NTM4MmQyNjk0ODRiNmU1Yzk1NTY0Nzp7Il9hdXRoX3VzZXJfaWQiOiIxIiwiX2F1dGhfdXNlcl9iYWNrZW5kIjoiZGphbmdvLmNvbnRyaWIuYXV0aC5iYWNrZW5kcy5Nb2RlbEJhY2tlbmQiLCJfYXV0aF91c2VyX2hhc2giOiJiMDBmMjIxZmZhZDA3NDE1NzE2YjliNzZjY2EzYTU3NWMxNzI5MmMwIn0=','2020-06-24 09:12:25.203966');
INSERT INTO django_session VALUES('dwcwfv8yc7rnblhempxnqdnkm9lke06b','NzY1MjY4NGU4MTJhZjU2YzI4NTM4MmQyNjk0ODRiNmU1Yzk1NTY0Nzp7Il9hdXRoX3VzZXJfaWQiOiIxIiwiX2F1dGhfdXNlcl9iYWNrZW5kIjoiZGphbmdvLmNvbnRyaWIuYXV0aC5iYWNrZW5kcy5Nb2RlbEJhY2tlbmQiLCJfYXV0aF91c2VyX2hhc2giOiJiMDBmMjIxZmZhZDA3NDE1NzE2YjliNzZjY2EzYTU3NWMxNzI5MmMwIn0=','2020-06-24 12:06:09.659021');
CREATE TABLE IF NOT EXISTS "app01_products" ("id" integer NOT NULL PRIMARY KEY AUTOINCREMENT, "name" varchar(64) NOT NULL, "product_img" varchar(100) NOT NULL, "product_type" smallint NOT NULL, "post_date" date NULL, "status" smallint NOT NULL);
CREATE TABLE IF NOT EXISTS "app01_productsparams" ("id" integer NOT NULL PRIMARY KEY AUTOINCREMENT, "name" varchar(32) NOT NULL);
CREATE TABLE IF NOT EXISTS "app01_productsdetail" ("id" integer NOT NULL PRIMARY KEY AUTOINCREMENT, "content" text NOT NULL, "product_id" integer NOT NULL UNIQUE REFERENCES "app01_products" ("id") DEFERRABLE INITIALLY DEFERRED);
CREATE TABLE IF NOT EXISTS "app01_params2products" ("id" integer NOT NULL PRIMARY KEY AUTOINCREMENT, "param_id" integer NOT NULL REFERENCES "app01_productsparams" ("id") DEFERRABLE INITIALLY DEFERRED, "product_id" integer NOT NULL REFERENCES "app01_products" ("id") DEFERRABLE INITIALLY DEFERRED);
CREATE TABLE IF NOT EXISTS "app01_partner" ("id" integer NOT NULL PRIMARY KEY AUTOINCREMENT, "name" varchar(128) NOT NULL, "breif" text NOT NULL);
INSERT INTO app01_partner VALUES(1,'趣链科技','趣链科技趣链科技趣链科技趣链科技');
CREATE TABLE IF NOT EXISTS "app01_userauthtoken" ("id" integer NOT NULL PRIMARY KEY AUTOINCREMENT, "token" varchar(64) NOT NULL UNIQUE, "user_id" integer NOT NULL UNIQUE REFERENCES "app01_account" ("id") DEFERRABLE INITIALLY DEFERRED);
INSERT INTO app01_userauthtoken VALUES(1,'7c79bc97a293419ec3019737ef64b1b2',1);
CREATE TABLE IF NOT EXISTS "app01_comment" ("id" integer NOT NULL PRIMARY KEY AUTOINCREMENT, "object_id" integer unsigned NULL CHECK ("object_id" >= 0), "content" text NOT NULL, "disagree_number" integer NOT NULL, "agree_number" integer NOT NULL, "date" datetime NOT NULL, "account_id" integer NOT NULL REFERENCES "app01_account" ("id") DEFERRABLE INITIALLY DEFERRED, "content_type_id" integer NULL REFERENCES "django_content_type" ("id") DEFERRABLE INITIALLY DEFERRED, "p_node_id" integer NULL REFERENCES "app01_comment" ("id") DEFERRABLE INITIALLY DEFERRED);
CREATE TABLE IF NOT EXISTS "app01_activity_partner" ("id" integer NOT NULL PRIMARY KEY AUTOINCREMENT, "activity_id" integer NOT NULL REFERENCES "app01_activity" ("id") DEFERRABLE INITIALLY DEFERRED, "partner_id" integer NOT NULL REFERENCES "app01_partner" ("id") DEFERRABLE INITIALLY DEFERRED);
CREATE TABLE IF NOT EXISTS "app01_account" ("id" integer NOT NULL PRIMARY KEY AUTOINCREMENT, "username" varchar(64) NOT NULL UNIQUE, "password" varchar(64) NOT NULL, "uid" varchar(64) NOT NULL UNIQUE, "openid" varchar(128) NULL, "balance" integer unsigned NULL CHECK ("balance" >= 0));
INSERT INTO app01_account VALUES(1,'张小呆','daidai','uid123123','openid123',1000);
CREATE TABLE IF NOT EXISTS "app01_tag" ("id" integer NOT NULL PRIMARY KEY AUTOINCREMENT, "name" varchar(64) NOT NULL UNIQUE, "breif" text NOT NULL);
INSERT INTO app01_tag VALUES(1,'学院美女','学院美女学院美女学院美女学院美女');
INSERT INTO app01_tag VALUES(3,'呆呆萌','呆呆萌呆呆萌呆呆萌呆呆萌呆呆萌呆呆萌呆呆萌');
INSERT INTO app01_tag VALUES(4,'长腿妹子','长腿妹子长腿妹子长腿妹子长腿妹子长腿妹子长腿妹子');
INSERT INTO app01_tag VALUES(5,'大胸妹子','大胸妹子大胸妹子大胸妹子大胸妹子');
INSERT INTO app01_tag VALUES(6,'皮肤白皙','皮肤白皙皮肤白皙皮肤白皙皮肤白皙皮肤白皙');
INSERT INTO app01_tag VALUES(7,'身材高挑','身材高挑身材高挑身材高挑');
CREATE TABLE IF NOT EXISTS "app01_activity_tag" ("id" integer NOT NULL PRIMARY KEY AUTOINCREMENT, "activity_id" integer NOT NULL REFERENCES "app01_activity" ("id") DEFERRABLE INITIALLY DEFERRED, "tag_id" integer NOT NULL REFERENCES "app01_tag" ("id") DEFERRABLE INITIALLY DEFERRED);
CREATE TABLE IF NOT EXISTS "app01_institute" ("id" integer NOT NULL PRIMARY KEY AUTOINCREMENT, "name" varchar(64) NOT NULL, "post_datetime" datetime NOT NULL, "author" varchar(32) NOT NULL, "thumb_up" integer unsigned NOT NULL CHECK ("thumb_up" >= 0), "view_num" integer unsigned NOT NULL CHECK ("view_num" >= 0), "reply_num" integer unsigned NOT NULL CHECK ("reply_num" >= 0), "main_image" varchar(100) NULL);
INSERT INTO app01_institute VALUES(1,'测试标题1','2020-06-10 02:15:44.473325','张小呆',10,20,2,'institute/aojiaomeng.jpg');
INSERT INTO app01_institute VALUES(2,'测试标题2','2020-06-10 02:17:54.483085','张小呆',20,50,10,'institute/susuruomi.jpg');
INSERT INTO app01_institute VALUES(3,'测试标题3','2020-06-10 02:18:25.070935','张小呆',20,50,12,'institute/012.jpg');
INSERT INTO app01_institute VALUES(4,'测试文章4','2020-06-10 12:06:57.395473','张晓呆呆',12,100,30,'institute/photo6107110953230379518.jpg');
CREATE TABLE IF NOT EXISTS "app01_institute_tag" ("id" integer NOT NULL PRIMARY KEY AUTOINCREMENT, "institute_id" integer NOT NULL REFERENCES "app01_institute" ("id") DEFERRABLE INITIALLY DEFERRED, "tag_id" integer NOT NULL REFERENCES "app01_tag" ("id") DEFERRABLE INITIALLY DEFERRED);
INSERT INTO app01_institute_tag VALUES(1,4,1);
INSERT INTO app01_institute_tag VALUES(2,4,4);
INSERT INTO app01_institute_tag VALUES(3,4,6);
INSERT INTO app01_institute_tag VALUES(4,3,5);
INSERT INTO app01_institute_tag VALUES(5,3,6);
INSERT INTO app01_institute_tag VALUES(6,2,1);
INSERT INTO app01_institute_tag VALUES(7,2,5);
INSERT INTO app01_institute_tag VALUES(8,2,6);
INSERT INTO app01_institute_tag VALUES(9,2,7);
INSERT INTO app01_institute_tag VALUES(10,1,6);
CREATE TABLE IF NOT EXISTS "app01_activity_important_guests" ("id" integer NOT NULL PRIMARY KEY AUTOINCREMENT, "activity_id" integer NOT NULL REFERENCES "app01_activity" ("id") DEFERRABLE INITIALLY DEFERRED, "account_id" integer NOT NULL REFERENCES "app01_account" ("id") DEFERRABLE INITIALLY DEFERRED);
CREATE TABLE IF NOT EXISTS "app01_activitydetail" ("id" integer NOT NULL PRIMARY KEY AUTOINCREMENT, "content" text NOT NULL, "activity_id" integer NULL UNIQUE REFERENCES "app01_activity" ("id") DEFERRABLE INITIALLY DEFERRED);
CREATE TABLE IF NOT EXISTS "app01_institutedetail" ("id" integer NOT NULL PRIMARY KEY AUTOINCREMENT, "content" text NOT NULL, "institute_id" integer NULL REFERENCES "app01_institute" ("id") DEFERRABLE INITIALLY DEFERRED);
CREATE TABLE IF NOT EXISTS "app01_activity" ("id" integer NOT NULL PRIMARY KEY AUTOINCREMENT, "name" varchar(64) NOT NULL, "datetime_start" datetime NOT NULL, "datetime_end" datetime NOT NULL, "number_people" integer unsigned NOT NULL CHECK ("number_people" >= 0), "address" varchar(128) NOT NULL, "view_number" integer unsigned NOT NULL CHECK ("view_number" >= 0), "activity_type" smallint NOT NULL, "collect_number" integer unsigned NOT NULL CHECK ("collect_number" >= 0), "activity_status" smallint NOT NULL, "main_image" varchar(100) NULL);
DELETE FROM sqlite_sequence;
INSERT INTO sqlite_sequence VALUES('django_migrations',30);
INSERT INTO sqlite_sequence VALUES('django_admin_log',24);
INSERT INTO sqlite_sequence VALUES('django_content_type',19);
INSERT INTO sqlite_sequence VALUES('auth_permission',76);
INSERT INTO sqlite_sequence VALUES('auth_user',1);
INSERT INTO sqlite_sequence VALUES('auth_group',0);
INSERT INTO sqlite_sequence VALUES('app01_params2products',0);
INSERT INTO sqlite_sequence VALUES('app01_account',2);
INSERT INTO sqlite_sequence VALUES('app01_userauthtoken',1);
INSERT INTO sqlite_sequence VALUES('app01_tag',7);
INSERT INTO sqlite_sequence VALUES('app01_institute',4);
INSERT INTO sqlite_sequence VALUES('app01_institute_tag',10);
INSERT INTO sqlite_sequence VALUES('app01_partner',1);
INSERT INTO sqlite_sequence VALUES('app01_activitydetail',0);
INSERT INTO sqlite_sequence VALUES('app01_institutedetail',0);
INSERT INTO sqlite_sequence VALUES('app01_activity',0);
CREATE UNIQUE INDEX "auth_group_permissions_group_id_permission_id_0cd325b0_uniq" ON "auth_group_permissions" ("group_id", "permission_id");
CREATE INDEX "auth_group_permissions_group_id_b120cbf9" ON "auth_group_permissions" ("group_id");
CREATE INDEX "auth_group_permissions_permission_id_84c5c92e" ON "auth_group_permissions" ("permission_id");
CREATE UNIQUE INDEX "auth_user_groups_user_id_group_id_94350c0c_uniq" ON "auth_user_groups" ("user_id", "group_id");
CREATE INDEX "auth_user_groups_user_id_6a12ed8b" ON "auth_user_groups" ("user_id");
CREATE INDEX "auth_user_groups_group_id_97559544" ON "auth_user_groups" ("group_id");
CREATE UNIQUE INDEX "auth_user_user_permissions_user_id_permission_id_14a6b632_uniq" ON "auth_user_user_permissions" ("user_id", "permission_id");
CREATE INDEX "auth_user_user_permissions_user_id_a95ead1b" ON "auth_user_user_permissions" ("user_id");
CREATE INDEX "auth_user_user_permissions_permission_id_1fbb5f2c" ON "auth_user_user_permissions" ("permission_id");
CREATE INDEX "django_admin_log_content_type_id_c4bce8eb" ON "django_admin_log" ("content_type_id");
CREATE INDEX "django_admin_log_user_id_c564eba6" ON "django_admin_log" ("user_id");
CREATE UNIQUE INDEX "django_content_type_app_label_model_76bd3d3b_uniq" ON "django_content_type" ("app_label", "model");
CREATE UNIQUE INDEX "auth_permission_content_type_id_codename_01ab375a_uniq" ON "auth_permission" ("content_type_id", "codename");
CREATE INDEX "auth_permission_content_type_id_2f476e4b" ON "auth_permission" ("content_type_id");
CREATE INDEX "django_session_expire_date_a5c62663" ON "django_session" ("expire_date");
CREATE INDEX "app01_params2products_param_id_9cbdb13d" ON "app01_params2products" ("param_id");
CREATE INDEX "app01_params2products_product_id_ad4d4990" ON "app01_params2products" ("product_id");
CREATE INDEX "app01_comment_account_id_95b1fc8d" ON "app01_comment" ("account_id");
CREATE INDEX "app01_comment_content_type_id_3ed320af" ON "app01_comment" ("content_type_id");
CREATE INDEX "app01_comment_p_node_id_b580e21f" ON "app01_comment" ("p_node_id");
CREATE UNIQUE INDEX "app01_activity_partner_activity_id_partner_id_b9a0ee2e_uniq" ON "app01_activity_partner" ("activity_id", "partner_id");
CREATE INDEX "app01_activity_partner_activity_id_95b96d03" ON "app01_activity_partner" ("activity_id");
CREATE INDEX "app01_activity_partner_partner_id_9b542c62" ON "app01_activity_partner" ("partner_id");
CREATE UNIQUE INDEX "app01_activity_tag_activity_id_tag_id_b3987180_uniq" ON "app01_activity_tag" ("activity_id", "tag_id");
CREATE INDEX "app01_activity_tag_activity_id_0e795ad8" ON "app01_activity_tag" ("activity_id");
CREATE INDEX "app01_activity_tag_tag_id_7bac12d5" ON "app01_activity_tag" ("tag_id");
CREATE UNIQUE INDEX "app01_institute_tag_institute_id_tag_id_64c24bca_uniq" ON "app01_institute_tag" ("institute_id", "tag_id");
CREATE INDEX "app01_institute_tag_institute_id_7a33ef57" ON "app01_institute_tag" ("institute_id");
CREATE INDEX "app01_institute_tag_tag_id_15bc7229" ON "app01_institute_tag" ("tag_id");
CREATE UNIQUE INDEX "app01_activity_important_guests_activity_id_account_id_f0192092_uniq" ON "app01_activity_important_guests" ("activity_id", "account_id");
CREATE INDEX "app01_activity_important_guests_activity_id_6d0d4909" ON "app01_activity_important_guests" ("activity_id");
CREATE INDEX "app01_activity_important_guests_account_id_f4289e18" ON "app01_activity_important_guests" ("account_id");
CREATE INDEX "app01_institutedetail_institute_id_06aec0e0" ON "app01_institutedetail" ("institute_id");
COMMIT;
